Id,0,1,2,3,4,5,6,7,8,9,10,11,12,13,14,15,16,17,18,19,20,21,22,23,24,25,26,27,28,29,30,31,32,33,34,35,36,37,38,39,40,41,42,43,44,45,46,47,48,49,50,51,52,53,54,55,56,57,58,59,60,61,62,63,64,65,66,67,68,69,70,71,72,73,74,75,75A,75B,75C,75D,75E,75F,76,77,78,79,80,81,82,83,84,85,86,87,88,89,90,91,92,93,94,95,96,97,98,99,100,101,102,103,104,105,106,107,108,108A,108B,108C,109,110,111,111A,111B,111C,111D,111E,111F,111G,111H,111I,111J,111K,111L,111M,111N,111O,111P,111Q,111R,111S,111T,111U,111V,111W,111X,111Y,111Z,111AA,111AB,111AC,111AD,111AE,111AF,111AG,111AH,111AI,111AJ,111AK,111AL,111AM,112,113,114,115,115A,115B,115C,115D,115E,115F,115G,115H,115I,115J,115K,115L,115M,115N,115O,115P,115Q,115R,115S,115T,115U,115V,115W,115X,115Y,115Z,115AA,115AB,115AC,115AD,115AE,115AF,115AG,115AH,115AI,115AJ,115AK,115AL,115AM,115AN,115AO,115AP,115AQ,115AR,115AS,115AT,115AU,115AV,115AW,115AX,115AY,115AZ,115BA,115BB,116,116A,116B,116C,116D,116E,116F,116G,116H,116I,116J,116K,116L,116M,116N,116O,116P,116Q,116R,116S,116T,116U,116V,116W,116X,116Y,116Z,116AA,116AB,116AC,116AD,116AE,116AF,116AG,116AH,116AI,116AJ,116AK,116AL,116AM,116AN,116AO,116AP,116AQ,116AR,116AS,116AT,116AU,116AV,116AW,116AX,116AY,116AZ,116BA,116BB,116BC,116BD,116BE,116BF,116BG,116BH,116BI,116BJ,116BK,116BL,117,117A,117B,117C,117D,117E,117F,117G,117H,117I,117J,117K,117L,117M,117N,117O,117P,117Q,117R,117S,117T,117U,117V,117W,117X,117Y,117Z,117AA,117AB,117AC,117AD,117AE,117AF,117AG,117AH,117AI,117AJ,117AK,117AL,117AM,117AN,117AO,117AP,117AQ,117AR,117AS,117AT,117AU,117AV,117AW,117AX,118,118A,118B,118C,118D,118E,118F,118G,118H,118I,118J,119,120,121,122,123,124,125,126,127,128,e-value
0,D,D,V,K,V,T,Q,S,S,R,Y,L,V,K,R,T,G,E,K,V,F,L,E,C,V,Q,D,G,-,-,-,-,-,-,T,S,N,P,N,M,F,W,Y,R,Q,D,P,G,L,G,L,R,L,I,-,-,-,-,-,-,-,-,-,-,-,-,Y,F,S,V,G,I,G,K,E,K,G,D,I,P,E,G,Y,S,V,S,R,E,K,-,K,E,R,F,S,L,I,L,E,S,A,S,T,N,Q,T,S,M,Y,L,C,-,-,-,-,-,-,A,A,W,R,-,-,-,-,-,-,-,-,-,-,-,-,-,-,-,-,-,-,-,-,-,-,-,-,-,-,-,-,-,-,-,-,-,-,-,-,-,-,-,T,G,Y,G,-,-,-,-,-,-,-,-,-,-,-,-,-,-,-,-,-,-,-,-,-,-,-,-,-,-,-,-,-,-,-,-,-,-,-,-,-,-,-,-,-,-,-,-,-,-,-,-,-,-,-,-,-,-,Y,-,-,-,-,-,-,-,-,-,-,-,-,-,-,-,-,-,-,-,-,-,-,-,-,-,-,-,-,-,-,-,-,-,-,-,-,-,-,-,-,-,-,-,-,-,-,-,-,-,-,-,-,-,-,-,-,-,-,-,-,-,-,-,-,T,-,-,-,-,-,-,-,-,-,-,-,-,-,-,-,-,-,-,-,-,-,-,-,-,-,-,-,-,-,-,-,-,-,-,-,-,-,-,-,-,-,-,-,-,-,-,-,-,-,-,F,-,-,-,-,-,-,-,-,-,-,G,P,G,T,R,L,L,V,L,-,0.0
1,D,D,V,K,V,T,Q,S,S,R,Y,L,V,K,R,T,G,E,K,V,F,L,E,C,V,-,-,-,-,-,-,-,-,-,-,-,-,-,-,-,-,-,-,-,-,-,-,-,-,-,-,-,-,-,-,-,-,-,-,-,-,-,-,-,-,-,-,-,-,-,-,-,-,-,-,-,-,-,-,-,-,-,-,-,-,-,Q,D,M,N,H,E,-,-,-,-,-,-,-,-,-,-,-,-,-,-,-,-,-,-,-,-,-,-,-,-,-,Y,Y,M,F,-,-,-,-,-,-,-,-,-,-,-,-,-,-,-,-,-,-,-,-,-,-,-,-,-,-,-,-,-,-,-,-,-,-,-,-,-,-,-,W,Y,R,Q,-,-,-,-,-,-,-,-,-,-,-,-,-,-,-,-,-,-,-,-,-,-,-,-,-,-,-,-,-,-,-,-,-,-,-,-,-,-,-,-,-,-,-,-,-,-,-,-,-,-,-,-,-,-,D,P,G,L,G,L,R,L,I,Y,F,S,V,G,A,G,I,K,E,K,G,D,I,P,E,G,Y,S,V,S,R,E,K,K,E,R,F,S,L,I,L,E,S,A,S,T,N,Q,T,S,M,Y,L,C,A,S,S,Y,S,L,G,G,G,E,L,F,-,-,-,-,-,-,-,-,-,-,-,-,-,-,-,-,-,-,-,-,-,-,-,-,-,-,-,-,-,-,-,-,-,-,-,-,-,-,-,-,-,-,-,-,-,-,-,-,-,-,F,-,-,-,-,-,-,-,-,-,-,G,P,G,T,R,L,L,V,L,-,0.0
2,D,D,V,K,V,T,Q,S,S,R,Y,L,V,K,R,T,G,E,K,V,F,L,E,C,V,-,-,-,-,-,-,-,Q,D,S,G,H,D,T,M,F,W,Y,R,Q,D,P,G,L,G,L,R,L,I,-,-,-,-,-,-,-,-,-,-,-,-,-,-,-,-,-,-,-,-,-,-,-,-,-,-,-,-,-,-,-,-,-,-,-,-,-,-,-,-,-,-,-,-,-,-,-,-,-,-,-,-,-,-,-,-,-,-,-,-,-,-,-,Y,Y,F,Y,Y,E,E,E,E,K,E,K,G,D,I,P,E,G,Y,S,V,S,R,E,K,K,E,R,F,S,L,I,L,E,S,A,S,T,N,Q,T,S,M,Y,L,C,A,-,-,-,-,-,-,-,-,-,-,-,-,-,-,-,-,-,-,-,-,-,-,-,-,-,-,-,-,-,-,-,-,-,-,-,-,-,-,-,-,-,-,-,-,-,-,-,-,-,-,-,-,-,-,S,-,-,-,-,-,-,-,-,-,-,-,-,-,-,-,-,-,-,-,-,-,-,-,-,-,-,-,-,-,-,-,-,-,-,-,-,-,-,-,-,-,-,-,-,-,-,-,-,-,-,-,-,-,-,-,-,-,-,-,-,-,-,-,-,S,-,-,-,-,-,-,-,-,-,-,-,-,-,-,-,-,-,-,-,-,-,-,-,-,-,-,-,-,-,-,-,-,-,-,-,-,-,-,-,-,-,-,-,-,-,-,-,-,-,-,W,D,R,E,L,N,S,P,L,H,F,G,P,G,T,R,L,L,V,L,-,0.0
3,D,D,V,K,V,T,Q,S,S,R,Y,L,V,K,R,T,G,E,K,V,F,L,E,C,V,-,-,-,-,-,-,-,Q,D,S,G,H,V,S,M,F,W,Y,R,Q,D,P,G,L,G,-,-,-,-,-,-,-,-,-,-,-,-,-,-,-,-,-,-,-,-,-,-,-,-,-,-,-,-,-,-,-,-,-,-,-,-,-,-,-,-,-,-,-,-,-,-,-,-,-,-,-,-,-,-,-,-,-,-,-,-,-,-,-,-,-,-,-,-,-,L,R,-,-,-,-,-,-,-,-,-,-,-,-,-,-,-,-,-,-,-,-,-,-,-,-,-,-,-,-,-,-,-,-,-,-,-,-,-,-,-,L,I,Y,F,F,Q,N,E,A,Q,K,E,K,G,D,I,P,E,G,Y,S,V,S,R,E,K,K,E,R,F,S,L,I,L,E,S,A,S,T,N,Q,T,S,M,Y,L,C,A,S,R,Q,T,G,A,G,S,E,P,Q,-,-,-,-,-,-,-,-,-,-,-,-,-,-,-,-,-,-,-,-,-,-,-,-,-,-,-,-,-,-,-,-,-,-,-,-,-,-,-,-,-,-,-,-,-,-,-,-,-,-,-,-,-,-,-,-,-,-,-,-,-,-,-,-,H,-,-,-,-,-,-,-,-,-,-,-,-,-,-,-,-,-,-,-,-,-,-,-,-,-,-,-,-,-,-,-,-,-,-,-,-,-,-,-,-,-,-,-,-,-,-,-,-,-,-,F,-,-,-,-,-,-,-,-,-,-,G,P,G,T,R,L,L,V,L,-,0.0
4,D,D,V,K,V,T,Q,S,S,R,Y,L,V,K,R,T,G,E,K,V,F,L,E,C,V,-,-,-,-,-,-,-,Q,D,M,D,H,E,N,M,F,W,Y,R,Q,D,P,G,L,G,L,-,-,-,-,-,-,-,-,-,-,-,-,-,-,-,-,-,-,-,-,-,-,-,-,-,-,-,-,-,-,-,-,-,-,-,-,-,-,-,-,-,-,-,-,-,-,-,-,-,-,-,-,-,-,-,-,-,-,-,-,-,-,-,-,-,-,R,R,L,I,-,-,-,-,-,-,-,-,-,-,-,-,-,-,-,-,-,-,-,-,-,-,-,-,-,-,-,-,-,-,-,-,-,-,-,-,-,-,-,Y,F,S,Y,-,-,-,-,-,-,-,-,-,-,-,-,-,-,-,-,-,-,-,-,-,-,-,-,-,-,-,-,-,-,-,-,-,-,-,-,-,-,-,-,-,-,-,-,-,-,-,-,-,-,-,-,-,-,D,-,-,-,-,-,-,-,-,-,-,-,-,-,-,-,-,-,-,-,-,-,-,-,-,-,-,-,-,-,-,-,-,-,-,-,-,-,-,-,-,-,-,-,-,-,-,-,-,-,-,-,-,-,-,-,-,-,-,-,-,-,-,-,-,V,K,M,K,E,K,G,D,I,P,E,G,Y,S,V,S,R,E,K,K,E,R,F,S,L,I,L,E,S,A,S,T,N,Q,T,S,M,Y,L,C,A,S,S,L,G,G,Y,T,E,A,F,F,-,-,-,-,-,-,-,-,-,-,G,P,G,T,R,L,L,V,L,-,0.0
5,D,D,V,K,V,T,Q,S,S,R,Y,L,V,K,R,T,G,E,K,V,F,L,E,C,V,-,-,-,-,-,-,-,Q,D,L,G,H,D,T,M,F,W,Y,R,Q,D,P,G,L,G,L,R,L,I,Y,F,Y,N,N,K,E,L,K,E,K,G,D,I,P,E,G,Y,S,V,S,R,-,-,-,-,-,-,-,-,-,-,-,-,E,K,K,E,R,F,S,L,I,L,E,S,A,S,T,N,Q,T,S,M,Y,L,C,A,S,S,F,-,-,A,A,T,S,-,-,-,-,-,-,-,-,-,-,-,-,-,-,-,-,-,-,-,-,-,-,-,-,-,-,-,-,-,-,-,-,-,-,-,-,-,-,-,S,Y,N,E,-,-,-,-,-,-,-,-,-,-,-,-,-,-,-,-,-,-,-,-,-,-,-,-,-,-,-,-,-,-,-,-,-,-,-,-,-,-,-,-,-,-,-,-,-,-,-,-,-,-,-,-,-,-,Q,-,-,-,-,-,-,-,-,-,-,-,-,-,-,-,-,-,-,-,-,-,-,-,-,-,-,-,-,-,-,-,-,-,-,-,-,-,-,-,-,-,-,-,-,-,-,-,-,-,-,-,-,-,-,-,-,-,-,-,-,-,-,-,-,F,-,-,-,-,-,-,-,-,-,-,-,-,-,-,-,-,-,-,-,-,-,-,-,-,-,-,-,-,-,-,-,-,-,-,-,-,-,-,-,-,-,-,-,-,-,-,-,-,-,-,F,-,-,-,-,-,-,-,-,-,-,G,P,G,T,R,L,L,V,L,-,0.0
6,D,D,V,K,V,T,Q,S,S,R,Y,L,V,K,R,T,G,E,K,V,F,L,E,C,V,-,-,-,-,-,-,-,Q,D,L,G,H,D,T,M,F,W,Y,R,Q,D,P,G,L,G,L,R,L,-,-,-,-,-,-,-,-,-,-,-,-,-,-,-,-,-,-,-,-,-,-,-,-,-,-,-,-,-,-,-,-,-,-,-,-,-,-,-,-,-,-,-,-,-,-,-,-,-,-,-,-,-,-,-,-,-,-,-,-,-,-,-,-,I,I,Y,F,-,-,-,-,-,-,-,-,-,-,-,-,-,-,-,-,-,-,-,-,-,-,-,-,-,-,-,-,-,-,-,-,-,-,-,-,-,-,-,Y,N,N,K,-,-,-,-,-,-,-,-,-,-,-,-,-,-,-,-,-,-,-,-,-,-,-,-,-,-,-,-,-,-,-,-,-,-,-,-,-,-,-,-,-,-,-,-,-,-,-,-,-,-,-,-,-,-,E,-,-,-,-,-,-,-,-,-,-,-,-,-,-,-,-,-,-,-,-,-,-,-,-,-,-,-,-,-,-,-,-,-,-,-,-,-,-,-,-,-,-,-,-,-,-,-,-,-,-,-,-,-,-,-,-,-,-,-,-,-,-,-,-,L,K,E,K,G,D,I,P,E,G,Y,S,V,S,R,E,K,K,E,R,F,S,L,I,L,E,S,A,S,T,N,Q,T,S,M,Y,L,C,A,S,S,Q,G,Q,G,K,S,P,L,H,-,F,-,-,-,-,-,-,-,-,-,-,G,P,G,T,R,L,L,V,L,-,0.0
7,D,D,V,K,V,T,Q,S,S,R,Y,L,V,K,R,T,G,E,K,V,F,L,E,C,V,-,-,-,-,-,-,-,Q,D,M,D,H,E,N,M,F,W,Y,R,Q,D,P,G,L,G,L,R,L,I,Y,F,S,Y,D,V,K,M,K,E,K,G,D,I,P,E,G,Y,S,V,S,R,-,-,-,-,-,-,-,-,-,-,-,-,E,K,K,E,R,F,S,L,I,L,E,S,A,S,T,N,Q,T,S,M,Y,L,C,A,S,S,L,L,I,S,S,G,A,-,-,-,-,-,-,-,-,-,-,-,-,-,-,-,-,-,-,-,-,-,-,-,-,-,-,-,-,-,-,-,-,-,-,-,-,-,-,-,G,A,Y,E,-,-,-,-,-,-,-,-,-,-,-,-,-,-,-,-,-,-,-,-,-,-,-,-,-,-,-,-,-,-,-,-,-,-,-,-,-,-,-,-,-,-,-,-,-,-,-,-,-,-,-,-,-,-,Q,-,-,-,-,-,-,-,-,-,-,-,-,-,-,-,-,-,-,-,-,-,-,-,-,-,-,-,-,-,-,-,-,-,-,-,-,-,-,-,-,-,-,-,-,-,-,-,-,-,-,-,-,-,-,-,-,-,-,-,-,-,-,-,-,Y,-,-,-,-,-,-,-,-,-,-,-,-,-,-,-,-,-,-,-,-,-,-,-,-,-,-,-,-,-,-,-,-,-,-,-,-,-,-,-,-,-,-,-,-,-,-,-,-,-,-,F,-,-,-,-,-,-,-,-,-,-,G,P,G,T,R,L,L,V,L,-,0.0
8,D,D,V,K,V,T,Q,S,S,R,Y,L,V,K,R,T,G,E,K,V,F,L,E,C,V,-,-,-,-,-,-,-,Q,D,S,G,D,L,S,M,F,W,Y,R,Q,D,P,G,L,G,L,R,L,I,-,-,-,-,-,-,-,-,-,-,-,-,-,-,-,-,-,-,-,-,-,-,-,-,-,-,-,-,-,-,-,-,-,-,-,-,-,-,-,-,-,-,-,-,-,-,-,-,-,-,-,-,-,-,-,-,-,-,-,-,-,-,-,-,-,-,-,-,-,-,-,-,-,-,-,-,-,-,-,-,-,-,-,-,-,-,-,-,-,-,-,-,-,-,-,-,-,-,-,-,-,-,-,-,-,-,Y,F,Y,Y,-,-,-,-,-,-,-,-,-,-,-,-,-,-,-,-,-,-,-,-,-,-,-,-,-,-,-,-,-,-,-,-,-,-,-,-,-,-,-,-,-,-,-,-,-,-,-,-,-,-,-,-,-,-,N,G,E,E,K,E,K,G,D,I,P,E,G,Y,S,V,S,R,E,K,K,E,R,F,S,L,I,L,E,S,A,S,T,N,Q,T,S,M,Y,L,C,A,S,S,V,E,G,Q,M,H,N,E,Q,-,-,-,-,-,-,-,-,-,-,-,-,F,-,-,-,-,-,-,-,-,-,-,-,-,-,-,-,-,-,-,-,-,-,-,-,-,-,-,-,-,-,-,-,-,-,-,-,-,-,-,-,-,-,-,-,-,-,-,-,-,-,-,F,-,-,-,-,-,-,-,-,-,-,G,P,G,T,R,L,L,V,L,-,0.0
