nucleotide	cdr3_aa	count (templates/reads)	frequencyCount (%)	cdr3Length	v_call	vFamilyName	vGeneName	vGeneAllele	vFamilyTies	vGeneNameTies	vGeneAlleleTies	dMaxResolved	dFamilyName	dGeneName	dGeneAllele	dFamilyTies	dGeneNameTies	dGeneAlleleTies	jMaxResolved	jFamilyName	jGeneName	jGeneAllele	jFamilyTies	jGeneNameTies	jGeneAlleleTies	vDeletion	n1Insertion	d5Deletion	d3Deletion	n2Insertion	jDeletion	vIndex	n1Index	dIndex	n2Index	jIndex	estimatedNumberGenomes	sequenceStatus	cloneResolved	vOrphon	dOrphon	jOrphon	vFunction	dFunction	jFunction	fractionNucleated	vAlignLength	vAlignSubstitutionCount	vAlignSubstitutionIndexes	vAlignSubstitutionGeneThreePrimeIndexes	vSeqWithMutations	cdr1_aa	cdr2_aa	sequence_aa
GTGCAGCCTGCAGAACTGGAGGATTCTGGAGTTTATTTCTGTGCCAGCAGCCTGGGACAGGGGGCATACGAGCAGTACTTCGGGCCG	ASSLGQGAYEQY	2970	0.06027152626986221	42	TRBV14*01	TCRBV14	TCRBV14-01	01	nan	nan	nan	TCRBD01-01*01	TCRBD01	TCRBD01-01	01	nan	nan	nan	TCRBJ02-07*01	TCRBJ02	TCRBJ02-07	01	nan	nan	nan	4	1	0	0	1	4	39	52	53	65	66	2970	In	VDJ	nan	nan	nan	nan	nan	nan	nan	nan	nan	nan	nan	nan	SGHDN	FVKESK	DVKVTQSSRYLVKRTGEKVFLECVQDSGHDNMFWYRQDPGLGLRLIYFFVKESKKEKGDIPEGYSVSREKKERFSLILESASTNQTSMYLCASSLGQGAYEQYFGPGTRLLVL
CGGTCCACAAAGCTGGAGGACTCAGCCATGTACTTCTGTGCCAGCAGGGAGGGACTAGCGGGGGGCAATGAGCAGTTCTTCGGGCCA	ASREGLAGGNEQF	1452	0.029466079509710412	45	TRBV2*01	TCRBV02	TCRBV02-01	nan	nan	nan	01,03	TCRBD02-01*01	TCRBD02	TCRBD02-01	01	nan	nan	nan	TCRBJ02-01*01	TCRBJ02	TCRBJ02-01	01	nan	nan	nan	6	0	0	1	3	6	36	47	50	-1	65	1452	In	VDJ	nan	nan	nan	nan	nan	nan	nan	nan	nan	nan	nan	nan	SNHLY	FYNNEI	DVKVTQSSRYLVKRTGEKVFLECVQDSNHLYMFWYRQDPGLGLRLIYFFYNNEIKEKGDIPEGYSVSREKKERFSLILESASTNQTSMYLCASREGLAGGNEQFFGPGTRLLVL
GAGTCCGCTACCAGCTCCCAGACATCTGTGTACTTCTGTGCCATCAGTGTTGGGGAAGGGAGCAATCAGCCCCAGCATTTTGGTGAT	AISVGEGSNQPQH	1207	0.024494185928526493	45	TRBV10-3*01	TCRBV10	TCRBV10-03	01	nan	nan	nan	nan	nan	nan	nan	TCRBD01,TCRBD02	TCRBD01-01,TCRBD02-01	nan	TCRBJ01-05*01	TCRBJ01	TCRBJ01-05	01	nan	nan	nan	4	4	0	8	3	1	36	49	52	56	60	1207	In	VDJ	nan	nan	nan	nan	nan	nan	nan	nan	nan	nan	nan	nan	ENHRY	SYGVKD	DVKVTQSSRYLVKRTGEKVFLECVQDENHRYMFWYRQDPGLGLRLIYFSYGVKDKEKGDIPEGYSVSREKKERFSLILESASTNQTSMYLCAISVGEGSNQPQHFGPGTRLLVL
CCTGCAGAACTGGAGGATTCTGGAGTTTATTTCTGTGCCAGCAGCCAAGATCGGCTAGCGGGAGTAAACGAGCAGTACTTCGGGCCG	ASSQDRLAGVNEQY	1155	0.02343892688272419	48	TRBV14*01	TCRBV14	TCRBV14-01	01	nan	nan	nan	TCRBD02-01*02	TCRBD02	TCRBD02-01	02	nan	nan	nan	TCRBJ02-07*01	TCRBJ02	TCRBJ02-07	01	nan	nan	nan	0	3	4	2	4	5	33	50	54	64	67	1155	In	VDJ	nan	nan	nan	nan	nan	nan	nan	nan	nan	nan	nan	nan	SGHDN	FVKESK	DVKVTQSSRYLVKRTGEKVFLECVQDSGHDNMFWYRQDPGLGLRLIYFFVKESKKEKGDIPEGYSVSREKKERFSLILESASTNQTSMYLCASSQDRLAGVNEQYFGPGTRLLVL
NNNNNNNTGTCGGCTGCTCCCTCCCAGACATCTGTGTACTTCTGTGCCAGACAGGGGGGAAGGGGCCAGCCCCAGCATTTTGGTGAT	ARQGGRGQPQH	874	0.017736469346754064	39	TRBV6-5*01	TCRBV06	TCRBV06-05	01	nan	nan	nan	TCRBD01-01*01	TCRBD01	TCRBD01-01	01	nan	nan	nan	TCRBJ01-05*01	TCRBJ01	TCRBJ01-05	01	nan	nan	nan	9	8	3	1	0	7	42	-1	50	58	66	874	In	VDJ	nan	nan	nan	nan	nan	nan	nan	nan	nan	nan	nan	nan	MNHEY	SVGAGI	DVKVTQSSRYLVKRTGEKVFLECVQDMNHEYMFWYRQDPGLGLRLIYFSVGAGIKEKGDIPEGYSVSREKKERFSLILESASTNQTSMYLCARQGGRGQPQHFGPGTRLLVL
GAGTCCGCTACCAGCTCCCAGACATCTGTGTACTTCTGTGCCATCAGTGAGTCATCGGAGGGATACACTGAAGCTTTCTTTGGACAA	AISESSEGYTEAF	825	0.01674209063051728	45	TRBV10-3*01	TCRBV10	TCRBV10-03	01	nan	nan	nan	TCRBD02-01*02	TCRBD02	TCRBD02-01	02	nan	nan	nan	TCRBJ01-01*01	TCRBJ01	TCRBJ01-01	01	nan	nan	nan	0	2	10	0	3	3	36	53	56	62	64	825	In	VDJ	nan	nan	nan	nan	nan	nan	nan	nan	nan	nan	nan	nan	ENHRY	SYGVKD	DVKVTQSSRYLVKRTGEKVFLECVQDENHRYMFWYRQDPGLGLRLIYFSYGVKDKEKGDIPEGYSVSREKKERFSLILESASTNQTSMYLCAISESSEGYTEAFFGPGTRLLVL
NTGTCGGCTGCTCCCTCCCAAACATCTGTGTACTTCTGTGCCAGCAGTTCGGTCAATAGCGGATCCTACGAGCAGTACTTCGGGCCG	ASSSVNSGSYEQY	867	0.017594415244434523	45	TRBV6-1*01	TCRBV06	TCRBV06-02/06-03	01	nan	nan	nan	TCRBD02-01	TCRBD02	TCRBD02-01	nan	nan	nan	01,02	TCRBJ02-07*01	TCRBJ02	TCRBJ02-07	01	nan	nan	nan	4	1	5	5	7	1	36	49	56	62	63	867	In	VDJ	nan	nan	nan	nan	nan	nan	nan	nan	nan	nan	nan	nan	MNHNS	SASEGT	DVKVTQSSRYLVKRTGEKVFLECVQDMNHNSMFWYRQDPGLGLRLIYFSASEGTKEKGDIPEGYSVSREKKERFSLILESASTNQTSMYLCASSSVNSGSYEQYFGPGTRLLVL
ACAAAGCTGGAGGACTCAGCCATGTACTTCTGTGCCAGCAGTGGTTACAAGGGGGAGACGATGAACACTGAAGCTTTCTTTGGACAA	ASSGYKGETMNTEAF	883	0.017919110335450617	51	TRBV2*01	TCRBV02	TCRBV02-01	nan	nan	nan	01,03	TCRBD01-01*01	TCRBD01	TCRBD01-01	01	nan	nan	nan	TCRBJ01-01*01	TCRBJ01	TCRBJ01-01	01	nan	nan	nan	4	6	5	1	6	0	30	43	49	55	61	883	In	VDJ	nan	nan	nan	nan	nan	nan	nan	nan	nan	nan	nan	nan	SNHLY	FYNNEI	DVKVTQSSRYLVKRTGEKVFLECVQDSNHLYMFWYRQDPGLGLRLIYFFYNNEIKEKGDIPEGYSVSREKKERFSLILESASTNQTSMYLCASSGYKGETMNTEAFFGPGTRLLVL
CTGGAGCTTGGTGACTCTGCTGTGTATTTCTGTGCCAGCAGCCAAGACTGAGGAGGGCAAAACCACTATGGCTACACCTTCGGTTCG	ASSQD*GGQNHYGYT	253	0.005134241126691965	51	TRBV3-1*01	TCRBV03	TCRBV03-01/03-02	01	nan	nan	nan	TCRBD02-01*02	TCRBD02	TCRBD02-01	02	nan	nan	nan	TCRBJ01-02*01	TCRBJ01	TCRBJ01-02	01	nan	nan	nan	0	7	10	0	4	3	30	47	51	57	64	253	Stop	VDJ	nan	nan	nan	nan	nan	nan	nan	nan	nan	nan	nan	nan	LGHDT	YNNKEL	DVKVTQSSRYLVKRTGEKVFLECVQDLGHDTMFWYRQDPGLGLRLIYFYNNKELKEKGDIPEGYSVSREKKERFSLILESASTNQTSMYLCASSQD*GGQNHYGYTFGPGTRLLVL
